{
    "RepetitionTime": 2.0,
    "TaskName": "TD",
	"SliceTiming": [0, 0.052631526, 0.105263053, 0.157894579, 0.210526105, 0.263157632, 0.315789158, 0.368420684, 0.421052211, 0.473683737, 0.526315263, 0.578946789, 0.631578316, 0.684209842, 0.736841368, 0.789472895, 0.842104421, 0.894735947, 0.947367474, 0.999999, 1.052630526, 1.105262053, 1.157893579, 1.210525105, 1.263156632, 1.315788158, 1.368419684, 1.421051211, 1.473682737, 1.526314263, 1.578945789, 1.631577316, 1.684208842, 1.736840368, 1.789471895, 1.842103421, 1.894734947, 1.94736647]
}